{"里港鄉": 94342.5733, "秀水鄉": 228594.1867698315, "南區": 148530.20006333335, "安樂區": 154127.54513587404, "湖內區": 125672.05312499999, "仁愛區": 270481.65793333336, "大雅區": 175672.82184210522, "高樹鄉": 44076.231400000004, "前鎮區": 153996.8540064516, "牡丹鄉": 1834.719, "四湖鄉": 64820.1264, "彌陀區": 90701.2346, "新竹市": 189854.42934845889, "小港區": 144642.6199869565, "板橋區": 424990.0116199999, "大社區": 169003.35791428573, "fa72埔鄉": 48598.565800000004, "竹山鎮": 66383.10864, "麻豆區": 130236.03142222221, "太保市": 88064.52851999999, "宜蘭市": 192303.18021501158, "仁武區": 175746.66922051288, "頭屋鄉": 97246.71860000001, "永和區": 422377.6838930233, "中寮鄉": 39525.797699999996, "神岡區": 187288.64049116214, "竹北市": 197743.86505, "苓雅區": 158913.359735, "番路鄉": 52615.62740846024, "大城鄉": 116169.1178, "將軍區": 111680.94333333334, "古坑鄉": 84653.82446666667, "西屯區": 207182.8074965518, "魚池鄉": 71486.70192527666, "柳營區": 6716.8303420250595, "新興區": 176742.61352, "左營區": 267641.47485454543, "三星鄉": 156511.55829333336, "造橋鄉": 90836.77240000002, "義竹鄉": 11924.0206, "新莊區": 313174.20012307697, "東區": 161664.553789089, "麟洛鄉": 92240.63546666666, "銅鑼鄉": 108820.3244, "茄萣區": 104468.80946476775, "六腳鄉": 53789.773733333335, "峨眉鄉": 40373.02962310773, "鼓山區": 174602.4386, "朴子市": 132790.12923333334, "成功鎮": 77507.7868, "八德區": 159252.80779393937, "中和區": 392113.5468477875, "大湖鄉": 143174.198, "八里區": 200662.29612857147, "鹽埕區": 86456.5874, "鳥松區": 154502.9801411765, "湖口鄉": 160607.04931724144, "橋頭區": 171209.36548, "中壢區": 196451.60778865838, "楠梓區": 140426.6374266667, "南屯區": 279665.7213, "永靖鄉": 198136.4288, "草屯鎮": 109774.25388053367, "中埔鄉": 66456.02514285714, "西港區": 72410.2432, "金寧鄉": 187288.62975555556, "新港鄉": 71646.6034, "西螺鎮": 99342.12354285715, "鳳山區": 172567.7281854225, "佳里區": 125321.22510000001, "北屯區": 206064.25373125004, "壽豐鄉": 75097.8586, "外埔區": 132955.23557777778, "石岡區": 99131.0246, "後龍鎮": 90855.02269173098, "淡水區": 235991.90852059238, "南庄鄉": 136559.2922, "鹽水區": 33119.157300000006, "卓蘭鎮": 127197.2666, "竹塘鄉": 171901.6, "新營區": 116079.68666846406, "線西鄉": 96245.1792977792, "烏日區": 194155.94507272725, "路竹區": 159503.2909711995, "前金區": 157433.31550909093, "新店區": 454664.56205111096, "北斗鎮": 119367.14871999998, "南投市": 145864.79928387093, "官田區": 134606.50891428572, "林內鄉": 40294.032568900024, "礁溪鄉": 196973.96920036286, "三峽區": 216936.67937274347, "通霄鎮": 59978.7823, "岡山區": 156412.8858482956, "樹林區": 286104.57934962295, "阿蓮區": 81392.15745319866, "埔里鎮": 128688.83057227833, "汐止區": 289305.64362253534, "安定區": 97740.69957142857, "金湖鎮": 193092.87993333334, "芬園鄉": 83534.2602, "埤頭鄉": 122883.1976, "新豐鄉": 138996.9821515374, "台東市": 150028.2613310345, "金城鎮": 223337.64413333335, "白河區": 100602.1056, "新化區": 98306.22750000001, "六龜區": 51669.654, "金沙鎮": 204581.0859, "五股區": 221361.739925, "溪湖鎮": 147276.6958, "新埤鄉": 77679.6884, "嘉義市": 120048.75908275862, "三民區": 183092.88618604655, "斗南鎮": 65373.29218362068, "北埔鄉": 89117.7564, "西區": 157365.5466090909, "竹崎鄉": 92164.60206666666, "新埔鎮": 160722.3289142857, "關廟區": 121369.1412, "福興鄉": 79025.149, "枋寮鄉": 30112.5322, "屏東巿": 121726.5744676923, "溪州鄉": 127193.9608, "中西區": 135508.57672800001, "芎林鄉": 114287.9000208068, "元長鄉": 22195.141200000002, "后里區": 161092.29516000004, "新市區": 187550.15526666667, "花蓮市": 163575.41677727274, "苗栗市": 122682.93571578947, "瑞芳區": 91645.86695000001, "新屋區": 71583.67907680458, "佳冬鄉": 104523.38545454545, "鶯歌區": 187380.06398571428, "士林區": 476500.57399500004, "頭份鎮": 153153.78836249997, "竹東鎮": 158051.12445, "中區": 98781.34442222223, "麥寮鄉": 135878.2974, "壯圍鄉": 129899.13280132358, "南州鄉": 83273.102, "善化區": 150577.35344444442, "大肚區": 149139.38422634074, "社頭鄉": 146559.3372, "新城鄉": 142115.16135714285, "三芝區": 121734.4321, "楊梅區": 152962.76789065255, "鹿谷鄉": 57598.58627025787, "龍井區": 164260.76526842103, "大甲區": 197013.87357142862, "萬丹鄉": 70063.1252, "東港鎮": 161199.19964615384, "中正區": 423203.712259375, "崙背鄉": 45638.221900000004, "梓官區": 136519.07163333334, "蘆洲區": 347546.16355172417, "松山區": 734408.5509608695, "貢寮區": 55160.5788, "潭子區": 142839.1100909091, "平鎮區": 155907.41232399998, "大同區": 545702.9760074074, "內埔鄉": 112387.79118461537, "關西鎮": 117388.40703333334, "員林鎮": 184587.60749999998, "梅山鄉": 66535.8366, "萬巒鄉": 79166.47195, "花壇鄉": 153489.9469, "七堵區": 166046.7527166667, "斗六市": 124126.57910303031, "車城鄉": 64107.726500000004, "安平區": 161688.04476013465, "九如鄉": 76164.53006666666, "萬華區": 593285.4493306121, "和美鎮": 136515.9676839238, "林園區": 113066.15224285713, "水上鄉": 74180.04830909091, "新社區": 13104.191200000001, "霧峰區": 166753.14708, "公館鄉": 92225.0989887091, "秀林鄉": 119385.6612, "東勢區": 99990.5326, "虎尾鎮": 135385.05508717953, "伸港鄉": 141047.46666666667, "後壁區": 41638.2039, "梧棲區": 165099.09005, "馬公市": 130528.00404624625, "竹南鎮": 157199.93860930233, "苑裡鎮": 72739.70352216857, "玉里鎮": 138013.8442, "永康區": 144156.18329083233, "仁德區": 122929.17335274481, "泰山區": 258648.15328571427, "中山區": 559404.4535542858, "名間鄉": 96101.2589, "安南區": 148652.73505000005, "內湖區": 616490.2802705884, "布袋鎮": 57001.08295, "龜山區": 204559.59820000004, "芳苑鄉": 48347.325000000004, "西嶼鄉": 92149.175, "民雄鄉": 109716.93082222223, "林口區": 292768.5350833333, "北投區": 455413.1375041667, "頭城鎮": 235813.4184952381, "歸仁區": 121527.37882666667, "暖暖區": 108348.53951428573, "吉安鄉": 154211.17328862424, "二崙鄉": 115055.0632, "田尾鄉": 88902.87939999999, "三重區": 366633.7271661019, "金山區": 83686.327, "深坑區": 223562.9895, "恆春鎮": 143833.08412235643, "西湖鄉": 8198.384, "新園鄉": 80674.08204, "蘆竹區": 178197.93786371802, "土庫鎮": 93262.40315, "潮州鎮": 114607.29259, "大寮區": 117709.12183934392, "燕巢區": 120975.08984, "冬山鄉": 138223.88007796102, "羅東鎮": 186715.137735, "崁頂鄉": 126919.5794, "觀音區": 93798.28816522063, "鹿港鎮": 94459.62600532545, "六甲區": 76392.0793, "信義區": 494185.48298974376, "沙鹿區": 177758.41502142866, "萬里區": 104057.76853333334, "太平區": 163681.11933684212, "大村鄉": 131011.68754285714, "集集鎮": 92792.1531, "國姓鄉": 75645.79495, "東石鄉": 22932.334600000002, "瑞穗鄉": 89884.04083999999, "文山區": 505955.8985705883, "埔鹽鄉": 216610.8921, "美濃區": 142847.8683142857, "蘇澳鎮": 89692.9656, "員山鄉": 93859.18269489994, "大林鎮": 127162.5557, "北區": 157769.63119419225, "大安區": 785924.3249461539, "五結鄉": 152724.84310285715, "長治鄉": 113773.20080581438, "北港鎮": 145447.294826087, "大溪區": 120546.46925714286, "豐原區": 185950.836775, "田中鎮": 127766.96613333334, "龍潭區": 133826.27714666666, "彰化市": 171135.49843404262, "大樹區": 81006.9761, "大里區": 182506.9592482288, "東河鄉": 20333.9758, "桃園區": 198456.0403760175, "旗山區": 64835.553466666664, "清水區": 120220.96221290327, "寶山鄉": 130889.8452, "二林鎮": 65922.6107, "大園區": 152384.1568, "埔心鄉": 148788.04745454545, "下營區": 67832.81213333334, "土城區": 393054.73689740745, "七股區": 202764.54880000002, "南港區": 566652.3728285715}