{"南投縣": 113422.82608267991, "澎湖縣": 126690.12114162165, "雲林縣": 120992.21498217403, "高雄市": 163739.41131956346, "屏東縣": 112779.90883710013, "臺中市": 173195.9668636751, "臺南市": 138920.2143474521, "宜蘭縣": 177739.98500850404, "嘉義縣": 91196.13440488941, "嘉義市": 120048.75908275862, "臺北市": 614076.4734054055, "桃園市": 171149.20016960686, "基隆市": 154999.12793190064, "彰化縣": 149798.97081096674, "新北市": 346520.87475517154, "苗栗縣": 134074.65137432402, "花蓮縣": 144508.3200508736, "金門縣": 196166.50257999994, "新竹市": 189854.42934845889, "新竹縣": 155396.8897298688, "臺東縣": 143505.20455483874}