{"魚池鄉": 71486.70192527666, "竹山鎮": 66383.10864, "草屯鎮": 109774.25388053367, "集集鎮": 92792.1531, "南投市": 145864.79928387093, "中寮鄉": 39525.797699999996, "鹿谷鄉": 57598.58627025787, "名間鄉": 96101.2589, "國姓鄉": 75645.79495, "埔里鎮": 128688.83057227833}