{"大林鎮": 127162.5557, "朴子市": 132790.12923333334, "太保市": 88064.52851999999, "東石鄉": 22932.334600000002, "布袋鎮": 57001.08295, "義竹鄉": 11924.0206, "民雄鄉": 109716.93082222223, "梅山鄉": 66535.8366, "水上鄉": 74180.04830909091, "中埔鄉": 66456.02514285714, "六腳鄉": 53789.773733333335, "新港鄉": 71646.6034, "番路鄉": 52615.62740846024, "竹崎鄉": 92164.60206666666}