{"中山區": 176919.8044, "安樂區": 154127.54513587404, "仁愛區": 270481.65793333336, "中正區": 136622.68577647058, "七堵區": 166046.7527166667, "信義區": 120325.61033333336, "暖暖區": 108348.53951428573}