{"三星鄉": 156511.55829333336, "壯圍鄉": 129899.13280132358, "五結鄉": 152724.84310285715, "礁溪鄉": 196973.96920036286, "冬山鄉": 138223.88007796102, "頭城鎮": 235813.4184952381, "羅東鎮": 186715.137735, "員山鄉": 93859.18269489994, "宜蘭市": 192303.18021501158, "蘇澳鎮": 89692.9656}