{"fa72埔鄉": 48598.565800000004, "牡丹鄉": 1834.719, "枋寮鄉": 30112.5322, "恆春鎮": 143833.08412235643, "崁頂鄉": 126919.5794, "潮州鎮": 114607.29259, "里港鄉": 94342.5733, "新園鄉": 80674.08204, "屏東巿": 121726.5744676923, "長治鄉": 113773.20080581438, "萬巒鄉": 79166.47195, "佳冬鄉": 104523.38545454545, "新埤鄉": 77679.6884, "內埔鄉": 112387.79118461537, "麟洛鄉": 92240.63546666666, "東港鎮": 161199.19964615384, "車城鄉": 64107.726500000004, "南州鄉": 83273.102, "萬丹鄉": 70063.1252, "高樹鄉": 44076.231400000004, "九如鄉": 76164.53006666666}