{"田尾鄉": 88902.87939999999, "社頭鄉": 146559.3372, "芳苑鄉": 48347.325000000004, "竹塘鄉": 171901.6, "線西鄉": 96245.1792977792, "北斗鎮": 119367.14871999998, "鹿港鎮": 94459.62600532545, "大村鄉": 131011.68754285714, "花壇鄉": 153489.9469, "埔鹽鄉": 216610.8921, "大城鄉": 116169.1178, "芬園鄉": 83534.2602, "埤頭鄉": 122883.1976, "和美鎮": 136515.9676839238, "溪湖鎮": 147276.6958, "秀水鄉": 228594.1867698315, "田中鎮": 127766.96613333334, "伸港鄉": 141047.46666666667, "福興鄉": 79025.149, "溪州鄉": 127193.9608, "永靖鄉": 198136.4288, "員林鎮": 184587.60749999998, "彰化市": 171135.49843404262, "二林鎮": 65922.6107, "埔心鄉": 148788.04745454545}