{"鶯歌區": 187380.06398571428, "三重區": 366633.7271661019, "深坑區": 223562.9895, "淡水區": 235991.90852059238, "新莊區": 313174.20012307697, "三芝區": 121734.4321, "新店區": 454664.56205111096, "萬里區": 104057.76853333334, "金山區": 83686.327, "板橋區": 424990.0116199999, "蘆洲區": 347546.16355172417, "永和區": 422377.6838930233, "三峽區": 216936.67937274347, "樹林區": 286104.57934962295, "五股區": 221361.739925, "貢寮區": 55160.5788, "泰山區": 258648.15328571427, "中和區": 392113.5468477875, "八里區": 200662.29612857147, "林口區": 292768.5350833333, "汐止區": 289305.64362253534, "瑞芳區": 91645.86695000001, "土城區": 393054.73689740745}