{"新埔鎮": 160722.3289142857, "竹東鎮": 158051.12445, "湖口鄉": 160607.04931724144, "新豐鄉": 138996.9821515374, "關西鎮": 117388.40703333334, "寶山鄉": 130889.8452, "竹北市": 197743.86505, "北埔鄉": 89117.7564, "峨眉鄉": 40373.02962310773, "芎林鄉": 114287.9000208068}