{"八德區": 159252.80779393937, "蘆竹區": 178197.93786371802, "平鎮區": 155907.41232399998, "龜山區": 204559.59820000004, "中壢區": 196451.60778865838, "楊梅區": 152962.76789065255, "桃園區": 198456.0403760175, "新屋區": 71583.67907680458, "大園區": 152384.1568, "觀音區": 93798.28816522063, "龍潭區": 133826.27714666666, "大溪區": 120546.46925714286}