{"外埔區": 132955.23557777778, "中區": 98781.34442222223, "潭子區": 142839.1100909091, "南區": 159062.07315151521, "大肚區": 149139.38422634074, "大雅區": 175672.82184210522, "龍井區": 164260.76526842103, "大甲區": 197013.87357142862, "烏日區": 194155.94507272725, "沙鹿區": 177758.41502142866, "太平區": 163681.11933684212, "神岡區": 187288.64049116214, "西屯區": 207182.8074965518, "南屯區": 279665.7213, "北區": 165097.34532222222, "新社區": 13104.191200000001, "霧峰區": 166753.14708, "豐原區": 185950.836775, "東勢區": 99990.5326, "東區": 177971.878722479, "梧棲區": 165099.09005, "大里區": 182506.9592482288, "石岡區": 99131.0246, "后里區": 161092.29516000004, "清水區": 120220.96221290327, "北屯區": 206064.25373125004, "西區": 157365.5466090909}