{"中山區": 623151.8950800002, "松山區": 734408.5509608695, "士林區": 476500.57399500004, "大同區": 545702.9760074074, "內湖區": 616490.2802705884, "萬華區": 593285.4493306121, "中正區": 747995.5422733334, "北投區": 455413.1375041667, "大安區": 785924.3249461539, "信義區": 660345.4263925927, "文山區": 505955.8985705883, "南港區": 566652.3728285715}