{"南區": 135657.91073333332, "鹽水區": 33119.157300000006, "將軍區": 111680.94333333334, "善化區": 150577.35344444442, "柳營區": 6716.8303420250595, "六甲區": 76392.0793, "麻豆區": 130236.03142222221, "官田區": 134606.50891428572, "後壁區": 41638.2039, "安平區": 161688.04476013465, "新市區": 187550.15526666667, "安定區": 97740.69957142857, "北區": 151335.54074031225, "白河區": 100602.1056, "東區": 156113.1240245307, "永康區": 144156.18329083233, "仁德區": 122929.17335274481, "關廟區": 121369.1412, "安南區": 148652.73505000005, "新化區": 98306.22750000001, "中西區": 135508.57672800001, "新營區": 116079.68666846406, "西港區": 72410.2432, "歸仁區": 121527.37882666667, "下營區": 67832.81213333334, "七股區": 202764.54880000002, "佳里區": 125321.22510000001}