{"玉里鎮": 138013.8442, "瑞穗鄉": 89884.04083999999, "秀林鄉": 119385.6612, "新城鄉": 142115.16135714285, "花蓮市": 163575.41677727274, "吉安鄉": 154211.17328862424, "壽豐鄉": 75097.8586}