{"銅鑼鄉": 108820.3244, "頭份鎮": 153153.78836249997, "南庄鄉": 136559.2922, "造橋鄉": 90836.77240000002, "頭屋鄉": 97246.71860000001, "卓蘭鎮": 127197.2666, "大湖鄉": 143174.198, "通霄鎮": 59978.7823, "公館鄉": 92225.0989887091, "後龍鎮": 90855.02269173098, "苗栗市": 122682.93571578947, "竹南鎮": 157199.93860930233, "苑裡鎮": 72739.70352216857, "西湖鄉": 8198.384}