{"金湖鎮": 193092.87993333334, "金沙鎮": 204581.0859, "金城鎮": 223337.64413333335, "金寧鄉": 187288.62975555556}