{"古坑鄉": 84653.82446666667, "麥寮鄉": 135878.2974, "林內鄉": 40294.032568900024, "土庫鎮": 93262.40315, "元長鄉": 22195.141200000002, "虎尾鎮": 135385.05508717953, "四湖鄉": 64820.1264, "北港鎮": 145447.294826087, "西螺鎮": 99342.12354285715, "斗六市": 124126.57910303031, "斗南鎮": 65373.29218362068, "二崙鄉": 115055.0632, "崙背鄉": 45638.221900000004}