{"小港區": 144642.6199869565, "仁武區": 175746.66922051288, "新興區": 176742.61352, "茄萣區": 104468.80946476775, "大寮區": 117709.12183934392, "燕巢區": 120975.08984, "前鎮區": 153996.8540064516, "楠梓區": 140426.6374266667, "三民區": 183092.88618604655, "路竹區": 159503.2909711995, "梓官區": 136519.07163333334, "前金區": 157433.31550909093, "大社區": 169003.35791428573, "湖內區": 125672.05312499999, "彌陀區": 90701.2346, "鳥松區": 154502.9801411765, "岡山區": 156412.8858482956, "苓雅區": 158913.359735, "美濃區": 142847.8683142857, "阿蓮區": 81392.15745319866, "左營區": 267641.47485454543, "林園區": 113066.15224285713, "六龜區": 51669.654, "鼓山區": 174602.4386, "旗山區": 64835.553466666664, "鹽埕區": 86456.5874, "大樹區": 81006.9761, "橋頭區": 171209.36548, "鳳山區": 172567.7281854225}